Accuracy (%),Aerial Duels,Aerial Duels Lost,Aerial Duels Won,Aerial Duels Won Percentage,Attempts From Set Pieces,Average Distance Covered,Average Distance Covered High Intensity Running,Average Distance Covered Jogging,Average Distance Covered Low Intensity Running,Average Distance Covered Sprinting,Average Distance Covered Walking,Average Possession,Average Possession Time,Away Goals,Blocked Shots,Blocks,Catches,Clean Sheets,Clearances Off The Line,Corners,Corners Taken (Incl Short Corners),Corners Won,Cross Complete Percentage,Crossing Accuracy,Defender Goals,Drops,Duels,Duels Lost,Duels Won,Duels Won Percentage,Forward Goals,Foul Attempted Tackle,Foul Won Penalty,Fouls Committed,Fouls Suffered,Games Played,Gk Successful Distribution,Gk Unsuccessful Distribution,Goal Assists,Goal Conversion,Goal Kicks,Goals,Goals Against,Goals Conceded,Goals Conceded Inside Box,Goals Conceded Outside Box,Goals From Inside Box,Goals From Outside Box,Goals Openplay,Ground Duels,Ground Duels Lost,Ground Duels Won,Handballs Conceded,Headed Goals,Hit Woodwork,Home Goals,Interceptions,Key Passes (Attempt Assists),Last Man Tackle,Last Player Tackle,Left Foot Goals,Midfielder Goals,Number Of Defensive Actions,Number Of Opposition Passes,Offsides,Open Play Passes,Other Goals,Overruns,Own Goals Accrued,Own Goals Conceded,Passing % Opp Half,Passing Accuracy,Penalties Conceded,Penalties Off Target,Penalties Saved,Penalties Taken,Penalty Conceded,Penalty Goals,Penalty Goals Conceded,Penalty Kick Taken,Points Dropped From Winning Positions,Points Gained From Losing Positions,Possession Percentage,Ppda,Putthrough/Blocked Distribution,Putthrough/Blocked Distribution Won,Recoveries,Red Card - 2Nd Yellow,Red Cards,Right Foot Goals,Set Pieces Goals,Shooting Accuracy,Shots Off Target (Inc Woodwork),Shots On Conceded Inside Box,Shots On Conceded Outside Box,Shots On Target ( Inc Goals ),Straight Red Cards,Successful Corners Into Box,Successful Crosses & Corners,Successful Crosses Open Play,Successful Dribbles,Successful Launches,Successful Lay-Offs,Successful Long Passes,Successful Open Play Passes,Successful Passes Opposition Half,Successful Passes Own Half,Successful Short Passes,Tackle Success,Tackles Lost,Tackles Won,Tackles Won Percentage,Team,Throw Ins To Opposition Player,Throw Ins To Own Player,Times Tackled,Total Clearances,Total Distance Covered,Total Distance Covered High Intensity Running,Total Distance Covered Jogging,Total Distance Covered Low Intensity Running,Total Distance Covered Sprinting,Total Distance Covered Walking,Total Draws,Total Fouls Conceded,Total Fouls Won,Total Losses,Total Losses Of Possession,Total Offside,Total Passes,Total Points,Total Red Cards,Total Saves,Total Shots,Total Shots Conceded,Total Sub Goals,Total Successful Final Third Pass,Total Successful Passes ( Excl Crosses & Corners ),Total Unsuccessful Passes ( Excl Crosses & Corners ),Total Wins,Unsuccessful Corners Into Box,Unsuccessful Crosses & Corners,Unsuccessful Crosses Open Play,Unsuccessful Dribbles,Unsuccessful Launches,Unsuccessful Lay-Offs,Unsuccessful Long Passes,Unsuccessful Passes Opposition Half,Unsuccessful Passes Own Half,Unsuccessful Short Passes,Year,Yellow Cards
80,671,351,320,0.0,19,0,0,0,0,0,0,0,0,24,89,101,28,11,3.0,127,127,127,0.0,26.11,0,5.0,2988,1486,1502,0.0,0,199,6.0,377,375,31,355,100,25,16.88,,39,32,32,26,6,30,9,,2317,1135,1182,21,1,5,15,282,205,2.0,,10,0,,,51,10265,,,1.0,,69.6,79.69,6.0,,,6.0,6,6.0,6.0,6,8,3,43.0,,429,205,1719,1.0,2,27,3.0,46.75,123,68,48,108,1.0,37,106,60,235,96,53,768,8221,3882,5070,8078,56.77,249,327,0.0,Atlético Ottawa,163,436,527,586,0,0,0,0,0,0,10,377,375,5,3811,51,11100,49,2.0,0,231,378,0,0,8846,2254,13,49,300,228,277,302,11,930,1949,605,1324,2022,73
79,567,263,304,0.0,14,0,0,0,0,0,0,0,0,22,68,55,21,9,2.0,100,100,100,0.0,19.21,0,2.0,2842,1433,1409,0.0,0,186,4.0,366,271,28,321,82,23,16.31,264.0,38,34,34,29,5,32,6,,2275,1170,1105,18,2,8,16,238,190,1.0,,13,0,,,41,9603,,39.0,,3.0,70.48,78.99,1.0,,1.0,4.0,0,3.0,,4,11,5,44.0,,453,221,1610,,1,23,4.0,53.65,108,70,31,125,1.0,18,83,62,285,67,40,769,7600,3720,4464,7332,61.4,215,342,0.0,Atlético Ottawa,148,432,494,514,0,0,0,0,0,0,6,366,271,12,3634,41,10256,36,1.0,0,233,284,0,0,8101,2155,10,57,349,259,247,321,6,907,1872,632,1248,2023,61
83,686,308,378,55.1,16,0,0,0,0,0,0,0,0,21,103,73,17,9,2.0,152,152,152,24.44,24.44,0,4.0,2913,1453,1460,50.12,0,177,5.0,375,308,30,312,49,28,15.44,220.0,44,34,34,29,5,38,6,,2227,1145,1082,20,11,15,23,283,238,,2.0,15,0,,,48,12502,,38.0,1.0,2.0,73.42,82.99,1.0,1.0,,5.0,1,3.0,1.0,5,17,10,49.0,,477,256,1460,,1,17,,48.07,148,74,38,137,1.0,31,121,81,234,120,87,874,10415,4730,6294,10029,66.91,182,368,66.91,Atlético Ottawa,154,450,539,504,0,0,0,0,0,0,11,375,308,6,3814,48,13138,44,1.0,0,285,295,0,0,10903,2235,11,104,374,239,296,464,11,924,2043,566,1311,2024,76
89,487,251,236,48.46,12,0,0,0,0,0,0,0,0,26,88,87,18,11,3.0,122,122,122,25.08,25.08,0,3.0,2700,1348,1352,50.07,0,197,6.0,370,336,30,338,36,39,17.16,228.0,58,30,30,27,3,53,5,46.0,2213,1097,1116,16,3,10,32,264,278,,3.0,26,0,193.0,2156.0,26,16031,,53.0,1.0,1.0,80.01,88.14,3.0,1.0,1.0,6.0,2,4.0,2.0,6,8,17,59.4,11.2,429,195,1376,2.0,2,28,,47.93,176,86,34,162,,25,77,47,256,116,233,771,14157,5775,9081,14008,66.79,175,352,66.79,Atlético Ottawa,125,394,542,655,0,0,0,0,0,0,11,370,336,2,3422,26,16768,56,2.0,0,338,360,0,0,14779,1989,15,59,230,157,266,417,11,773,1654,565,1216,2025,51
82,691,331,360,0.0,24,0,0,0,0,0,0,0,0,19,74,69,19,10,1.0,175,175,175,0.0,26.24,0,1.0,2804,1424,1380,0.0,0,202,3.0,402,359,30,349,51,25,14.34,,41,36,36,29,7,33,8,,2113,1093,1020,20,5,10,22,274,230,,,15,0,,,65,11942,3.0,,3.0,1.0,71.33,81.56,3.0,,,3.0,3,2.0,3.0,3,11,3,54.0,,404,185,1672,2.0,4,15,3.0,46.85,152,74,32,134,2.0,57,154,76,189,90,96,926,9751,4460,6010,9390,60.04,189,284,0.0,Cavalry,146,559,501,385,0,0,0,0,0,0,5,402,359,9,3944,65,12648,47,4.0,0,286,321,0,0,10316,2332,14,93,433,297,232,301,16,950,2164,601,1382,2022,79
84,686,339,347,0.0,20,0,0,0,0,0,0,0,0,22,94,100,31,8,,162,162,162,0.0,28.24,0,2.0,3087,1554,1533,0.0,0,207,6.0,411,420,31,338,62,32,17.79,270.0,50,32,32,28,4,45,5,,2401,1215,1186,21,8,10,28,248,241,2.0,,15,0,,,54,12991,,52.0,3.0,,74.87,83.74,5.0,,,6.0,4,6.0,4.0,6,15,7,54.0,,463,225,1722,,1,24,1.0,40.57,167,66,39,114,1.0,51,157,94,262,68,101,803,10892,5019,6668,10727,67.13,167,341,0.0,Cavalry,105,597,566,415,0,0,0,0,0,0,7,411,420,5,3872,54,13769,55,1.0,0,281,356,0,0,11530,2239,16,83,399,268,303,246,14,879,2031,607,1360,2023,73
84,795,364,431,54.21,24,0,0,0,0,0,0,0,0,20,115,80,19,9,2.0,159,159,159,28.93,28.93,0,1.0,3091,1551,1540,49.82,0,185,6.0,371,352,30,295,70,26,13.12,245.0,42,28,28,23,5,37,5,,2296,1187,1109,17,8,16,22,259,305,,,10,0,,,38,13040,1.0,41.0,3.0,1.0,76.57,83.37,3.0,,,6.0,3,4.0,3.0,6,13,8,54.0,,490,226,1494,,0,20,,43.12,182,55,40,138,,49,162,101,230,118,124,775,10898,5764,5867,10694,63.33,198,342,63.33,Cavalry,82,593,617,459,0,0,0,0,0,0,12,371,352,4,3945,38,13757,48,,0,320,311,0,0,11469,2288,12,71,398,300,271,427,8,862,2112,574,1426,2024,55
84,678,275,403,59.44,20,0,0,0,0,0,0,0,0,20,120,94,13,8,4.0,157,157,157,31.43,31.43,0,6.0,2988,1458,1530,51.2,0,214,7.0,421,414,31,279,79,36,16.56,261.0,53,39,39,35,4,39,14,32.0,2310,1183,1127,20,5,9,33,241,303,,5.0,16,0,246.0,2586.0,50,12436,,31.0,1.0,1.0,76.34,83.75,3.0,,,7.0,3,5.0,3.0,7,10,3,52.2,10.5,456,218,1362,2.0,4,31,2.0,45.62,174,77,35,146,2.0,50,176,103,233,129,166,902,10468,5273,5950,10145,68.78,153,337,68.78,Cavalry,61,563,581,579,0,0,0,0,0,0,9,421,414,8,3718,50,13191,42,4.0,0,320,342,0,0,11047,2144,11,73,384,265,259,337,10,794,1964,564,1350,2025,75
76,564,321,243,0.0,32,0,0,0,0,0,0,0,0,11,57,72,18,4,2.0,114,114,114,0.0,24.75,0,7.0,2727,1394,1333,0.0,0,165,5.0,320,334,28,289,129,19,14.49,,31,51,51,46,5,24,7,,2163,1073,1090,13,4,6,20,322,163,2.0,,6,0,,,49,8505,1.0,,1.0,5.0,66.24,75.33,9.0,,1.0,5.0,8,4.0,8.0,5,16,7,41.0,,392,224,1636,2.0,3,19,3.0,45.33,117,107,28,97,1.0,30,99,62,222,104,55,834,6491,3332,3727,6126,59.14,219,317,0.0,Edmonton,118,514,539,422,0,0,0,0,0,0,8,320,334,16,3802,49,9239,20,3.0,0,214,327,0,0,6960,2279,4,75,301,202,259,303,13,1000,1949,631,1279,2022,52
85,514,266,248,0.0,15,0,0,0,0,0,0,0,0,26,86,53,24,11,1.0,181,181,181,0.0,18.67,0,2.0,2922,1467,1455,0.0,0,183,5.0,352,434,31,398,6,34,21.31,,52,27,27,24,3,46,6,,2408,1201,1207,14,9,12,26,235,203,2.0,,17,0,,,67,14366,,,3.0,2.0,78.66,84.36,,,,5.0,0,4.0,,5,6,11,58.0,,488,180,1819,,2,23,,47.54,128,73,27,116,2.0,32,98,62,279,46,86,698,12044,6587,6326,12117,60.64,196,302,0.0,Forge,95,678,682,343,0,0,0,0,0,0,5,352,434,9,4214,67,15191,47,2.0,0,244,273,0,0,12815,2376,14,84,427,318,355,200,8,650,2187,616,1726,2022,63
84,580,278,302,0.0,19,0,0,0,0,0,0,0,0,20,101,84,22,10,2.0,175,175,175,0.0,26.53,0,5.0,2866,1454,1412,0.0,0,172,3.0,354,365,30,382,19,29,13.61,243.0,43,34,34,28,6,35,8,,2286,1176,1110,14,9,13,23,223,279,,,15,0,,,56,13153,2.0,51.0,1.0,1.0,78.26,83.73,5.0,,,3.0,4,2.0,4.0,3,4,17,53.0,,467,193,1719,,1,16,2.0,45.25,173,65,34,143,1.0,35,143,107,291,32,116,796,10968,5696,6114,10871,60.65,181,279,0.0,Forge,94,596,561,448,0,0,0,0,0,0,9,354,365,8,3941,56,13934,42,1.0,0,316,333,0,0,11667,2267,11,80,396,295,299,176,14,655,1939,724,1612,2023,65
86,515,251,264,51.26,19,0,0,0,0,0,0,0,0,17,90,86,25,11,4.0,171,171,171,19.32,19.32,0,4.0,2907,1480,1427,49.09,0,186,3.0,365,358,31,394,41,34,15.46,262.0,47,34,34,30,4,41,6,,2392,1229,1163,17,5,13,30,267,256,,5.0,22,0,,,59,13605,,43.0,2.0,,79.9,85.16,5.0,1.0,2.0,3.0,3,1.0,3.0,3,7,9,53.0,,459,197,1528,2.0,3,18,,49.34,154,87,40,150,1.0,16,96,79,280,51,94,842,11567,6322,6065,11449,60.11,213,321,60.11,Forge,69,542,621,461,0,0,0,0,0,0,5,365,358,8,3784,59,14433,50,3.0,0,304,364,0,0,12291,2142,15,81,401,307,301,236,11,658,1967,576,1484,2024,75
86,425,209,216,50.82,8,0,0,0,0,0,0,0,0,22,81,77,11,13,3.0,138,138,138,23.96,23.96,0,1.0,2579,1263,1316,51.03,0,187,7.0,348,370,30,341,25,31,18.77,245.0,52,25,25,20,5,48,4,38.0,2154,1054,1100,13,8,16,30,255,243,,1.0,10,0,217.0,2787.0,92,12773,,42.0,2.0,,79.44,85.58,3.0,1.0,,7.0,2,5.0,2.0,7,9,7,50.8,12.8,426,197,1412,1.0,1,32,,48.01,144,67,32,133,,30,121,83,216,68,155,875,10895,5603,6065,10672,60.46,206,315,60.46,Forge,86,510,503,466,0,0,0,0,0,0,10,348,370,2,3476,92,13493,58,1.0,0,277,318,0,0,11547,1946,16,64,384,299,232,256,14,607,1803,527,1339,2025,56
81,628,293,335,0.0,9,0,0,0,0,0,0,0,0,11,61,75,12,9,2.0,110,110,110,0.0,23.44,0,1.0,2774,1333,1441,0.0,0,177,10.0,355,325,28,343,64,8,10.17,,24,38,38,32,6,22,2,,2146,1040,1106,23,2,11,13,290,212,,,12,0,,,57,11376,,,1.0,,72.36,80.37,3.0,,,10.0,3,10.0,3.0,10,2,8,51.0,,430,188,1703,1.0,3,9,1.0,41.95,137,69,32,99,2.0,36,98,47,238,75,81,765,9148,4361,5422,8920,59.45,221,324,0.0,HFX Wanderers,74,567,518,444,0,0,0,0,0,0,5,355,325,15,3876,57,12050,29,3.0,0,236,299,0,0,9685,2365,8,54,320,227,236,251,11,827,1948,737,1538,2022,56
84,631,321,310,0.0,6,0,0,0,0,0,0,0,0,14,84,86,21,7,2.0,113,113,113,0.0,29.5,0,2.0,2967,1486,1481,0.0,0,208,5.0,372,390,29,363,47,31,16.05,261.0,39,33,33,24,9,32,7,,2336,1165,1171,9,6,7,25,266,229,,,8,0,,,48,12856,,51.0,,3.0,76.75,83.8,3.0,,,5.0,3,5.0,3.0,5,18,6,52.0,,489,245,1697,,1,25,,46.09,131,80,28,112,1.0,32,123,82,256,47,114,872,10755,5087,6452,10544,63.5,192,334,0.0,HFX Wanderers,81,503,513,499,0,0,0,0,0,0,9,372,390,8,3680,48,13623,42,1.0,0,243,342,0,0,11416,2207,11,42,294,231,227,167,9,723,1798,703,1484,2023,79
84,626,276,350,55.91,21,0,0,0,0,0,0,0,0,14,90,82,14,4,3.0,132,132,132,28.02,28.02,0,2.0,2819,1283,1536,54.49,0,163,9.0,320,443,28,280,29,23,13.41,207.0,37,43,43,37,6,36,1,,2193,1007,1186,11,9,8,23,263,250,,1.0,12,0,,,46,12110,,35.0,,4.0,77.58,83.59,4.0,,1.0,9.0,3,8.0,3.0,9,9,15,51.0,,441,215,1438,4.0,8,16,,46.38,148,90,27,128,4.0,39,116,64,228,94,131,753,10106,5340,5517,9988,66.92,173,350,66.92,HFX Wanderers,56,470,499,475,0,0,0,0,0,0,9,320,443,12,3427,46,12850,30,8.0,0,276,307,0,0,10741,2109,7,57,298,209,219,334,13,706,1808,599,1403,2024,63
83,691,330,361,52.24,11,0,0,0,0,0,0,0,0,17,78,87,14,9,3.0,153,153,153,26.32,26.32,0,4.0,2967,1456,1511,50.93,0,175,5.0,348,367,29,298,54,30,15.09,227.0,43,36,36,32,4,38,5,27.0,2276,1126,1150,9,6,12,26,258,250,,3.0,9,0,169.0,2537.0,54,11622,,44.0,2.0,,76.55,82.4,4.0,,,5.0,3,5.0,3.0,5,11,6,49.3,15.0,465,219,1512,,0,26,1.0,43.16,162,75,30,123,,54,154,80,229,93,168,740,9579,5397,4876,9379,65.59,192,366,65.59,HFX Wanderers,97,475,566,672,0,0,0,0,0,0,6,348,367,11,3840,54,12280,39,,0,285,321,0,0,10119,2161,11,89,431,298,277,337,21,767,2037,555,1394,2025,78
82,679,319,360,0.0,22,0,0,0,0,0,0,0,0,15,80,77,25,9,4.0,111,111,111,0.0,21.11,0,6.0,2989,1486,1503,0.0,0,230,4.0,429,331,30,294,79,23,16.82,,37,36,36,28,8,32,5,,2310,1167,1143,16,10,4,22,322,196,,,9,0,,,40,12965,,,2.0,1.0,71.43,81.79,4.0,,,4.0,4,3.0,4.0,4,5,10,53.0,,431,220,1744,,2,16,1.0,52.27,105,86,32,115,2.0,27,99,61,221,80,83,860,10659,4681,6585,10307,63.41,217,376,0.0,Pacific,117,518,493,504,0,0,0,0,0,0,7,429,331,8,4006,40,13654,46,2.0,0,220,326,0,0,11167,2487,13,71,370,267,221,394,9,1005,2203,654,1482,2022,67
83,735,339,396,0.0,22,0,0,0,0,0,0,0,0,28,116,82,22,8,6.0,173,173,173,0.0,24.36,0,3.0,3257,1542,1715,0.0,0,210,4.0,382,384,31,270,77,36,15.36,222.0,45,37,37,33,4,40,5,,2522,1203,1319,14,8,14,17,284,257,,,17,0,,,36,12624,,60.0,1.0,1.0,74.22,82.18,4.0,1.0,1.0,4.0,3,2.0,3.0,4,14,3,50.0,,459,212,1820,2.0,2,19,,47.44,154,87,25,139,,45,143,80,372,71,113,824,10407,5122,5986,10141,64.96,199,369,0.0,Pacific,154,535,553,516,0,0,0,0,0,0,7,382,384,10,4127,36,13342,40,2.0,0,293,314,0,0,10965,2377,11,99,444,305,303,248,14,840,2173,648,1537,2023,64
81,791,393,398,50.32,15,0,0,0,0,0,0,0,0,11,85,96,20,10,5.0,135,135,135,22.52,22.52,0,4.0,3079,1469,1610,52.29,0,195,7.0,359,373,29,295,68,12,11.2,249.0,27,34,34,28,6,26,1,,2288,1076,1212,18,5,5,16,293,230,,,8,0,,,63,11147,,52.0,2.0,1.0,72.11,80.08,2.0,,,7.0,1,6.0,1.0,7,13,5,47.0,,489,223,1411,3.0,5,12,,46.06,130,76,40,111,2.0,37,109,67,236,137,138,692,8947,4426,5184,8809,65.3,212,399,65.3,Pacific,150,459,527,610,0,0,0,0,0,0,7,359,373,12,3969,63,11864,34,5.0,0,241,351,0,0,9501,2363,9,75,375,265,251,469,23,863,2045,693,1500,2024,68
83,551,280,271,49.18,12,0,0,0,0,0,0,0,0,10,46,93,27,3,3.0,120,120,120,24.43,24.43,0,,2488,1233,1255,50.44,0,212,5.0,376,345,28,339,49,17,14.78,251.0,30,59,59,52,7,27,3,16.0,1937,953,984,9,3,5,20,220,162,,5.0,5,0,159.0,1844.0,30,10719,,26.0,1.0,1.0,73.13,82.61,6.0,,,5.0,6,5.0,6.0,5,12,15,47.0,11.6,422,191,1194,2.0,2,21,1.0,46.8,108,110,41,95,,37,107,61,172,92,149,622,8861,3985,5610,8866,64.06,170,303,64.06,Pacific,130,387,410,692,0,0,0,0,0,0,8,376,345,15,3352,30,11485,23,2.0,0,203,413,0,0,9488,1997,5,53,331,246,200,406,16,817,1756,572,1180,2025,65
80,655,329,326,0.0,10,0,0,0,0,0,0,0,0,21,80,75,16,9,2.0,132,132,132,0.0,22.81,0,2.0,2850,1429,1421,0.0,0,198,4.0,368,323,28,263,99,22,14.46,,36,34,34,27,7,32,4,,2195,1100,1095,11,7,3,15,300,207,3.0,,9,0,,,40,11050,,,1.0,2.0,70.65,79.85,7.0,,3.0,4.0,4,4.0,4.0,4,22,1,52.0,,404,184,1695,5.0,7,19,,45.78,135,73,37,114,2.0,49,107,48,232,78,87,905,8883,4281,5176,8445,61.21,211,333,0.0,Valour,124,589,502,472,0,0,0,0,0,0,7,368,323,11,3887,40,11709,37,7.0,0,249,306,0,0,9350,2359,10,68,362,254,252,328,16,949,2096,625,1410,2022,70
81,785,373,412,0.0,13,0,0,0,0,0,0,0,0,12,65,68,24,7,3.0,129,129,129,0.0,25.56,0,,3125,1545,1580,0.0,0,191,2.0,385,355,28,269,90,16,10.87,219.0,25,38,38,34,4,22,3,,2340,1172,1168,19,4,10,13,262,203,2.0,,6,0,,,57,11892,,38.0,1.0,,73.16,80.85,1.0,,,2.0,1,2.0,1.0,2,11,7,53.0,,463,211,1753,,0,14,,40.0,138,98,31,92,,37,136,87,298,80,92,819,9644,5054,5251,9350,64.3,186,335,0.0,Valour,102,484,535,442,0,0,0,0,0,0,8,385,355,14,3967,57,12577,26,,0,230,322,0,0,10169,2408,6,83,396,279,291,282,13,892,2200,604,1516,2023,58
80,710,417,293,41.27,13,0,0,0,0,0,0,0,0,17,64,108,24,4,5.0,96,96,96,25.93,25.93,0,7.0,2889,1537,1352,46.8,0,203,2.0,420,334,28,288,106,21,15.42,266.0,31,42,42,39,3,25,6,,2179,1120,1059,17,6,7,14,271,160,,2.0,4,0,,,28,9879,,42.0,2.0,3.0,69.35,79.48,9.0,,1.0,2.0,7,1.0,7.0,2,22,6,44.0,,436,208,1370,1.0,2,19,1.0,50.25,100,97,32,101,1.0,30,112,71,228,130,111,753,7943,3551,4995,7681,64.48,179,325,64.48,Valour,67,430,515,606,0,0,0,0,0,0,7,420,334,14,3558,28,10611,28,2.0,0,201,377,0,0,8434,2177,7,53,320,237,239,487,19,1014,1840,657,1163,2024,80
84,560,304,256,45.71,22,0,0,0,0,0,0,0,0,19,83,57,17,2,2.0,102,102,102,24.23,24.23,0,6.0,2538,1317,1221,48.11,0,219,1.0,395,318,28,250,66,28,14.46,201.0,35,62,62,57,5,28,7,24.0,1978,1013,965,9,7,7,16,236,191,,4.0,9,0,194.0,2537.0,57,10591,1.0,31.0,,2.0,75.62,83.43,8.0,,2.0,1.0,6,,6.0,1,15,13,46.4,13.1,402,194,1292,2.0,4,18,,46.69,129,111,31,113,2.0,30,110,68,182,105,119,720,8872,4416,5069,8655,68.3,149,321,68.3,Valour,87,420,436,576,0,0,0,0,0,0,5,395,318,16,3250,57,11237,26,4.0,0,242,323,0,0,9375,1862,7,67,344,253,194,294,12,718,1732,474,1144,2025,71
77,641,393,248,0.0,23,0,0,0,0,0,0,0,0,10,66,113,33,5,2.0,105,105,105,0.0,21.19,0,,2905,1530,1375,0.0,0,173,2.0,343,302,28,242,149,18,13.02,264.0,28,50,50,45,5,24,4,,2264,1137,1127,10,1,4,18,237,170,,1.0,7,0,,,28,9392,,41.0,1.0,1.0,66.67,76.94,7.0,,,2.0,7,2.0,7.0,2,6,8,43.0,,423,203,1675,,3,19,,43.26,122,112,29,93,3.0,30,75,42,250,54,66,695,7367,3478,4409,7117,62.93,215,365,0.0,Vancouver FC,150,425,470,553,0,0,0,0,0,0,5,343,302,15,3743,28,10153,29,3.0,0,215,412,0,0,7812,2341,8,63,279,178,217,281,12,1011,1980,640,1330,2023,59
80,795,420,375,47.17,12,0,0,0,0,0,0,0,0,15,79,77,18,5,1.0,134,134,134,22.94,22.94,0,2.0,2917,1520,1397,47.89,0,218,2.0,408,297,28,248,116,20,13.12,231.0,29,43,43,41,2,23,6,,2122,1100,1022,19,4,4,14,214,194,,,9,0,,,37,10393,,24.0,,,69.59,79.16,6.0,,2.0,2.0,4,2.0,4.0,2,7,14,48.0,,441,197,1399,2.0,3,16,,39.82,133,101,36,88,1.0,32,125,76,219,120,94,800,8321,3931,4963,7969,61.45,197,314,61.45,Vancouver FC,125,451,478,528,0,0,0,0,0,0,9,408,297,12,3774,37,11077,30,3.0,0,221,368,0,0,8769,2308,7,78,420,306,258,442,23,943,2083,645,1365,2024,70
81,605,309,296,48.93,15,0,0,0,0,0,0,0,0,19,88,83,24,2,1.0,127,127,127,24.88,24.88,0,4.0,2552,1285,1267,49.65,0,173,3.0,331,326,28,251,97,23,16.51,218.0,35,57,57,46,11,30,5,22.0,1947,976,971,12,4,8,16,264,175,,1.0,16,0,189.0,2604.0,33,9947,1.0,31.0,1.0,2.0,69.58,80.32,4.0,,2.0,3.0,2,3.0,2.0,3,22,3,45.9,13.8,403,199,1375,,4,13,1.0,44.81,117,113,40,95,4.0,36,104,55,165,96,140,691,8064,3862,4810,7877,66.53,163,324,66.53,Vancouver FC,117,391,465,667,0,0,0,0,0,0,9,331,326,15,3522,33,10667,21,4.0,0,212,381,0,0,8568,2099,4,76,314,208,224,354,17,896,1957,456,1203,2025,71
81,564,273,291,0.0,12,0,0,0,0,0,0,0,0,14,75,75,26,7,2.0,122,122,122,0.0,25.29,0,3.0,2915,1467,1448,0.0,0,191,3.0,378,351,28,325,81,23,12.3,,31,37,37,34,3,27,4,,2351,1194,1157,18,6,9,17,269,218,,,6,0,,,60,10322,,,,1.0,71.43,80.54,8.0,,1.0,3.0,7,2.0,7.0,3,5,11,48.0,,380,184,1708,2.0,5,19,,43.25,143,72,46,109,3.0,44,130,76,261,77,43,811,8344,4083,4918,8060,60.25,219,332,0.0,York United,114,495,559,412,0,0,0,0,0,0,7,378,351,12,3754,60,11014,34,5.0,0,252,304,0,0,8871,2143,9,67,384,281,287,232,11,827,1965,562,1316,2022,64
83,531,270,261,0.0,18,0,0,0,0,0,0,0,0,24,79,79,20,5,2.0,141,141,141,0.0,22.65,0,2.0,2985,1474,1511,0.0,0,182,2.0,364,363,29,329,63,23,13.89,251.0,35,45,45,37,8,28,7,,2454,1204,1250,15,6,9,11,240,218,1.0,,2,0,,,46,11830,,49.0,3.0,1.0,75.15,82.87,2.0,,1.0,2.0,1,1.0,1.0,2,8,10,51.0,,444,197,1721,2.0,6,24,1.0,44.44,140,92,55,112,4.0,39,118,74,356,60,67,766,9829,4627,5914,9657,61.15,209,329,0.0,York United,82,489,570,465,0,0,0,0,0,0,5,364,363,12,3760,46,12577,38,6.0,0,252,374,0,0,10423,2154,11,74,403,290,274,191,11,758,1894,663,1396,2023,69
84,670,365,305,45.52,15,0,0,0,0,0,0,0,0,15,64,87,24,7,3.0,152,152,152,20.42,20.42,0,3.0,2879,1454,1425,49.5,0,195,,387,397,30,342,63,31,19.31,245.0,39,38,38,33,5,34,5,,2209,1089,1120,10,7,10,24,239,165,,1.0,5,0,,,41,13137,1.0,36.0,2.0,1.0,75.62,83.62,4.0,,1.0,,3,,3.0,0,17,8,52.0,,469,199,1427,2.0,3,24,1.0,43.07,115,88,31,87,1.0,25,107,81,215,118,122,905,10990,5044,6737,10769,61.73,199,321,61.73,York United,98,509,497,520,0,0,0,0,0,0,6,387,397,11,3816,41,13961,39,3.0,0,202,360,0,0,11674,2287,11,65,417,323,249,445,15,908,2009,695,1379,2024,92
85,560,319,241,43.04,20,0,0,0,0,0,0,0,0,18,75,69,20,9,,112,112,112,23.66,23.66,0,1.0,2797,1444,1353,48.37,0,206,2.0,425,424,30,294,76,31,17.69,255.0,46,44,44,34,10,40,6,37.0,2237,1125,1112,13,4,12,28,280,213,,4.0,9,0,238.0,2861.0,46,11892,,39.0,,1.0,77.05,84.7,5.0,,,2.0,5,2.0,5.0,2,16,10,47.7,12.0,373,181,1361,1.0,1,33,1.0,50.38,129,87,37,131,,26,115,82,202,105,151,775,10123,4871,6013,9994,66.8,163,328,66.8,York United,87,504,516,608,0,0,0,0,0,0,8,425,424,10,3476,46,12715,38,1.0,0,260,338,0,0,10769,1946,10,57,371,272,255,365,21,824,1788,529,1122,2025,98
